Name;Ordnungszahl;Altersklasse;Geschlecht;Mannschafts ID;Widget ID;Code groß;Code klein
 DJK SB München;1; Senioren; männlich;152266;1,73357E+12;"<div id=""widget_1733573700872""></div>     <script>         widget.mannschaftswidget('widget_1733573700872',             {""iframeWidth"":1200,""iframeHeight"":600,""showRefreshButton"":false,""titleColor"":""FFFFFF"",""titleBgColor"":""00CC00"",""tapColor"":""FFFFFF"",""tapBgColor"":""333333"",""colorMatchGroup"":""666666"",""bgColorMatchGroup"":""F0F0F0"",""colorMatchListItem"":""000000"",""bgColorMatchListItem"":""FFFFFF"",""showKuerzelInSpiele"":false,""mannschaftsId"":""152266""} );     </script>     ";"<div id=""widget_1733573700872""></div>     <script>         widget.mannschaftswidget('widget_1733573700872',             {""iframeWidth"":600,""iframeHeight"":700,""showRefreshButton"":false,""titleColor"":""FFFFFF"",""titleBgColor"":""00CC00"",""tapColor"":""FFFFFF"",""tapBgColor"":""333333"",""colorMatchGroup"":""666666"",""bgColorMatchGroup"":""F0F0F0"",""colorMatchListItem"":""000000"",""bgColorMatchListItem"":""FFFFFF"",""showKuerzelInSpiele"":false,""mannschaftsId"":""152266""} );     </script>     "
 DJK SB München 2;2; Senioren; männlich;154153;1,73357E+12;"    <div id=""widget_1733573701194""></div>     <script>         widget.mannschaftswidget('widget_1733573701194',             {""iframeWidth"":1200,""iframeHeight"":600,""showRefreshButton"":false,""titleColor"":""FFFFFF"",""titleBgColor"":""00CC00"",""tapColor"":""FFFFFF"",""tapBgColor"":""333333"",""colorMatchGroup"":""666666"",""bgColorMatchGroup"":""F0F0F0"",""colorMatchListItem"":""000000"",""bgColorMatchListItem"":""FFFFFF"",""showKuerzelInSpiele"":false,""mannschaftsId"":""154153""} );     </script>     ";"    <div id=""widget_1733573701194""></div>     <script>         widget.mannschaftswidget('widget_1733573701194',             {""iframeWidth"":600,""iframeHeight"":700,""showRefreshButton"":false,""titleColor"":""FFFFFF"",""titleBgColor"":""00CC00"",""tapColor"":""FFFFFF"",""tapBgColor"":""333333"",""colorMatchGroup"":""666666"",""bgColorMatchGroup"":""F0F0F0"",""colorMatchListItem"":""000000"",""bgColorMatchListItem"":""FFFFFF"",""showKuerzelInSpiele"":false,""mannschaftsId"":""154153""} );     </script>     "
 DJK SB München 3;3; Senioren; männlich;163923;1,73357E+12;"    <div id=""widget_1733573701425""></div>     <script>         widget.mannschaftswidget('widget_1733573701425',             {""iframeWidth"":1200,""iframeHeight"":600,""showRefreshButton"":false,""titleColor"":""FFFFFF"",""titleBgColor"":""00CC00"",""tapColor"":""FFFFFF"",""tapBgColor"":""333333"",""colorMatchGroup"":""666666"",""bgColorMatchGroup"":""F0F0F0"",""colorMatchListItem"":""000000"",""bgColorMatchListItem"":""FFFFFF"",""showKuerzelInSpiele"":false,""mannschaftsId"":""163923""} );     </script>     ";"    <div id=""widget_1733573701425""></div>     <script>         widget.mannschaftswidget('widget_1733573701425',             {""iframeWidth"":600,""iframeHeight"":700,""showRefreshButton"":false,""titleColor"":""FFFFFF"",""titleBgColor"":""00CC00"",""tapColor"":""FFFFFF"",""tapBgColor"":""333333"",""colorMatchGroup"":""666666"",""bgColorMatchGroup"":""F0F0F0"",""colorMatchListItem"":""000000"",""bgColorMatchListItem"":""FFFFFF"",""showKuerzelInSpiele"":false,""mannschaftsId"":""163923""} );     </script>     "
 DJK SB München 4;4; Senioren; männlich;163914;1,73357E+12;"    <div id=""widget_1733573701687""></div>     <script>         widget.mannschaftswidget('widget_1733573701687',             {""iframeWidth"":1200,""iframeHeight"":600,""showRefreshButton"":false,""titleColor"":""FFFFFF"",""titleBgColor"":""00CC00"",""tapColor"":""FFFFFF"",""tapBgColor"":""333333"",""colorMatchGroup"":""666666"",""bgColorMatchGroup"":""F0F0F0"",""colorMatchListItem"":""000000"",""bgColorMatchListItem"":""FFFFFF"",""showKuerzelInSpiele"":false,""mannschaftsId"":""163914""} );     </script>     ";"    <div id=""widget_1733573701687""></div>     <script>         widget.mannschaftswidget('widget_1733573701687',             {""iframeWidth"":600,""iframeHeight"":700,""showRefreshButton"":false,""titleColor"":""FFFFFF"",""titleBgColor"":""00CC00"",""tapColor"":""FFFFFF"",""tapBgColor"":""333333"",""colorMatchGroup"":""666666"",""bgColorMatchGroup"":""F0F0F0"",""colorMatchListItem"":""000000"",""bgColorMatchListItem"":""FFFFFF"",""showKuerzelInSpiele"":false,""mannschaftsId"":""163914""} );     </script>     "
 DJK SB München;1; U18; männlich;162955;1,73357E+12;"    <div id=""widget_1733573701932""></div>     <script>         widget.mannschaftswidget('widget_1733573701932',             {""iframeWidth"":1200,""iframeHeight"":600,""showRefreshButton"":false,""titleColor"":""FFFFFF"",""titleBgColor"":""00CC00"",""tapColor"":""FFFFFF"",""tapBgColor"":""333333"",""colorMatchGroup"":""666666"",""bgColorMatchGroup"":""F0F0F0"",""colorMatchListItem"":""000000"",""bgColorMatchListItem"":""FFFFFF"",""showKuerzelInSpiele"":false,""mannschaftsId"":""162955""} );     </script>     ";"    <div id=""widget_1733573701932""></div>     <script>         widget.mannschaftswidget('widget_1733573701932',             {""iframeWidth"":600,""iframeHeight"":700,""showRefreshButton"":false,""titleColor"":""FFFFFF"",""titleBgColor"":""00CC00"",""tapColor"":""FFFFFF"",""tapBgColor"":""333333"",""colorMatchGroup"":""666666"",""bgColorMatchGroup"":""F0F0F0"",""colorMatchListItem"":""000000"",""bgColorMatchListItem"":""FFFFFF"",""showKuerzelInSpiele"":false,""mannschaftsId"":""162955""} );     </script>     "
 DJK SB München;2; U18; männlich;223272;1,73357E+12;"    <div id=""widget_1733573702146""></div>     <script>         widget.mannschaftswidget('widget_1733573702146',             {""iframeWidth"":1200,""iframeHeight"":600,""showRefreshButton"":false,""titleColor"":""FFFFFF"",""titleBgColor"":""00CC00"",""tapColor"":""FFFFFF"",""tapBgColor"":""333333"",""colorMatchGroup"":""666666"",""bgColorMatchGroup"":""F0F0F0"",""colorMatchListItem"":""000000"",""bgColorMatchListItem"":""FFFFFF"",""showKuerzelInSpiele"":false,""mannschaftsId"":""223272""} );     </script>     ";"    <div id=""widget_1733573702146""></div>     <script>         widget.mannschaftswidget('widget_1733573702146',             {""iframeWidth"":600,""iframeHeight"":700,""showRefreshButton"":false,""titleColor"":""FFFFFF"",""titleBgColor"":""00CC00"",""tapColor"":""FFFFFF"",""tapBgColor"":""333333"",""colorMatchGroup"":""666666"",""bgColorMatchGroup"":""F0F0F0"",""colorMatchListItem"":""000000"",""bgColorMatchListItem"":""FFFFFF"",""showKuerzelInSpiele"":false,""mannschaftsId"":""223272""} );     </script>     "
 DJK SB München;1; U16; männlich;166180;1,73357E+12;"    <div id=""widget_1733573702359""></div>     <script>         widget.mannschaftswidget('widget_1733573702359',             {""iframeWidth"":1200,""iframeHeight"":600,""showRefreshButton"":false,""titleColor"":""FFFFFF"",""titleBgColor"":""00CC00"",""tapColor"":""FFFFFF"",""tapBgColor"":""333333"",""colorMatchGroup"":""666666"",""bgColorMatchGroup"":""F0F0F0"",""colorMatchListItem"":""000000"",""bgColorMatchListItem"":""FFFFFF"",""showKuerzelInSpiele"":false,""mannschaftsId"":""166180""} );     </script>     ";"    <div id=""widget_1733573702359""></div>     <script>         widget.mannschaftswidget('widget_1733573702359',             {""iframeWidth"":600,""iframeHeight"":700,""showRefreshButton"":false,""titleColor"":""FFFFFF"",""titleBgColor"":""00CC00"",""tapColor"":""FFFFFF"",""tapBgColor"":""333333"",""colorMatchGroup"":""666666"",""bgColorMatchGroup"":""F0F0F0"",""colorMatchListItem"":""000000"",""bgColorMatchListItem"":""FFFFFF"",""showKuerzelInSpiele"":false,""mannschaftsId"":""166180""} );     </script>     "
 DJK SB München 2;2; U16; männlich;162996;1,73357E+12;"    <div id=""widget_1733573702568""></div>     <script>         widget.mannschaftswidget('widget_1733573702568',             {""iframeWidth"":1200,""iframeHeight"":600,""showRefreshButton"":false,""titleColor"":""FFFFFF"",""titleBgColor"":""00CC00"",""tapColor"":""FFFFFF"",""tapBgColor"":""333333"",""colorMatchGroup"":""666666"",""bgColorMatchGroup"":""F0F0F0"",""colorMatchListItem"":""000000"",""bgColorMatchListItem"":""FFFFFF"",""showKuerzelInSpiele"":false,""mannschaftsId"":""162996""} );     </script>     ";"    <div id=""widget_1733573702568""></div>     <script>         widget.mannschaftswidget('widget_1733573702568',             {""iframeWidth"":600,""iframeHeight"":700,""showRefreshButton"":false,""titleColor"":""FFFFFF"",""titleBgColor"":""00CC00"",""tapColor"":""FFFFFF"",""tapBgColor"":""333333"",""colorMatchGroup"":""666666"",""bgColorMatchGroup"":""F0F0F0"",""colorMatchListItem"":""000000"",""bgColorMatchListItem"":""FFFFFF"",""showKuerzelInSpiele"":false,""mannschaftsId"":""162996""} );     </script>     "
 DJK SB München 3;3; U16; männlich;309729;1,73357E+12;"    <div id=""widget_1733573702768""></div>     <script>         widget.mannschaftswidget('widget_1733573702768',             {""iframeWidth"":1200,""iframeHeight"":600,""showRefreshButton"":false,""titleColor"":""FFFFFF"",""titleBgColor"":""00CC00"",""tapColor"":""FFFFFF"",""tapBgColor"":""333333"",""colorMatchGroup"":""666666"",""bgColorMatchGroup"":""F0F0F0"",""colorMatchListItem"":""000000"",""bgColorMatchListItem"":""FFFFFF"",""showKuerzelInSpiele"":false,""mannschaftsId"":""309729""} );     </script>     ";"    <div id=""widget_1733573702768""></div>     <script>         widget.mannschaftswidget('widget_1733573702768',             {""iframeWidth"":600,""iframeHeight"":700,""showRefreshButton"":false,""titleColor"":""FFFFFF"",""titleBgColor"":""00CC00"",""tapColor"":""FFFFFF"",""tapBgColor"":""333333"",""colorMatchGroup"":""666666"",""bgColorMatchGroup"":""F0F0F0"",""colorMatchListItem"":""000000"",""bgColorMatchListItem"":""FFFFFF"",""showKuerzelInSpiele"":false,""mannschaftsId"":""309729""} );     </script>     "
 DJK SB München;1; U16; weiblich;319500;1,73357E+12;"    <div id=""widget_1733573702946""></div>     <script>         widget.mannschaftswidget('widget_1733573702946',             {""iframeWidth"":1200,""iframeHeight"":600,""showRefreshButton"":false,""titleColor"":""FFFFFF"",""titleBgColor"":""00CC00"",""tapColor"":""FFFFFF"",""tapBgColor"":""333333"",""colorMatchGroup"":""666666"",""bgColorMatchGroup"":""F0F0F0"",""colorMatchListItem"":""000000"",""bgColorMatchListItem"":""FFFFFF"",""showKuerzelInSpiele"":false,""mannschaftsId"":""319500""} );     </script>     ";"    <div id=""widget_1733573702946""></div>     <script>         widget.mannschaftswidget('widget_1733573702946',             {""iframeWidth"":600,""iframeHeight"":700,""showRefreshButton"":false,""titleColor"":""FFFFFF"",""titleBgColor"":""00CC00"",""tapColor"":""FFFFFF"",""tapBgColor"":""333333"",""colorMatchGroup"":""666666"",""bgColorMatchGroup"":""F0F0F0"",""colorMatchListItem"":""000000"",""bgColorMatchListItem"":""FFFFFF"",""showKuerzelInSpiele"":false,""mannschaftsId"":""319500""} );     </script>     "
 DJK SB München;1; U14; männlich;165708;1,73357E+12;"    <div id=""widget_1733573703126""></div>     <script>         widget.mannschaftswidget('widget_1733573703126',             {""iframeWidth"":1200,""iframeHeight"":600,""showRefreshButton"":false,""titleColor"":""FFFFFF"",""titleBgColor"":""00CC00"",""tapColor"":""FFFFFF"",""tapBgColor"":""333333"",""colorMatchGroup"":""666666"",""bgColorMatchGroup"":""F0F0F0"",""colorMatchListItem"":""000000"",""bgColorMatchListItem"":""FFFFFF"",""showKuerzelInSpiele"":false,""mannschaftsId"":""165708""} );     </script>     ";"    <div id=""widget_1733573703126""></div>     <script>         widget.mannschaftswidget('widget_1733573703126',             {""iframeWidth"":600,""iframeHeight"":700,""showRefreshButton"":false,""titleColor"":""FFFFFF"",""titleBgColor"":""00CC00"",""tapColor"":""FFFFFF"",""tapBgColor"":""333333"",""colorMatchGroup"":""666666"",""bgColorMatchGroup"":""F0F0F0"",""colorMatchListItem"":""000000"",""bgColorMatchListItem"":""FFFFFF"",""showKuerzelInSpiele"":false,""mannschaftsId"":""165708""} );     </script>     "
 DJK SB München 2;2; U14; männlich;163006;1,73357E+12;"    <div id=""widget_1733573703306""></div>     <script>         widget.mannschaftswidget('widget_1733573703306',             {""iframeWidth"":1200,""iframeHeight"":600,""showRefreshButton"":false,""titleColor"":""FFFFFF"",""titleBgColor"":""00CC00"",""tapColor"":""FFFFFF"",""tapBgColor"":""333333"",""colorMatchGroup"":""666666"",""bgColorMatchGroup"":""F0F0F0"",""colorMatchListItem"":""000000"",""bgColorMatchListItem"":""FFFFFF"",""showKuerzelInSpiele"":false,""mannschaftsId"":""163006""} );     </script>     ";"    <div id=""widget_1733573703306""></div>     <script>         widget.mannschaftswidget('widget_1733573703306',             {""iframeWidth"":600,""iframeHeight"":700,""showRefreshButton"":false,""titleColor"":""FFFFFF"",""titleBgColor"":""00CC00"",""tapColor"":""FFFFFF"",""tapBgColor"":""333333"",""colorMatchGroup"":""666666"",""bgColorMatchGroup"":""F0F0F0"",""colorMatchListItem"":""000000"",""bgColorMatchListItem"":""FFFFFF"",""showKuerzelInSpiele"":false,""mannschaftsId"":""163006""} );     </script>     "
 DJK SB München 3;3; U14; männlich;314794;1,73357E+12;"    <div id=""widget_1733573703486""></div>     <script>         widget.mannschaftswidget('widget_1733573703486',             {""iframeWidth"":1200,""iframeHeight"":600,""showRefreshButton"":false,""titleColor"":""FFFFFF"",""titleBgColor"":""00CC00"",""tapColor"":""FFFFFF"",""tapBgColor"":""333333"",""colorMatchGroup"":""666666"",""bgColorMatchGroup"":""F0F0F0"",""colorMatchListItem"":""000000"",""bgColorMatchListItem"":""FFFFFF"",""showKuerzelInSpiele"":false,""mannschaftsId"":""314794""} );     </script>     ";"    <div id=""widget_1733573703486""></div>     <script>         widget.mannschaftswidget('widget_1733573703486',             {""iframeWidth"":600,""iframeHeight"":700,""showRefreshButton"":false,""titleColor"":""FFFFFF"",""titleBgColor"":""00CC00"",""tapColor"":""FFFFFF"",""tapBgColor"":""333333"",""colorMatchGroup"":""666666"",""bgColorMatchGroup"":""F0F0F0"",""colorMatchListItem"":""000000"",""bgColorMatchListItem"":""FFFFFF"",""showKuerzelInSpiele"":false,""mannschaftsId"":""314794""} );     </script>     "
 DJK SB München;1; U14; weiblich;317459;1,73357E+12;"    <div id=""widget_1733573703674""></div>     <script>         widget.mannschaftswidget('widget_1733573703674',             {""iframeWidth"":1200,""iframeHeight"":600,""showRefreshButton"":false,""titleColor"":""FFFFFF"",""titleBgColor"":""00CC00"",""tapColor"":""FFFFFF"",""tapBgColor"":""333333"",""colorMatchGroup"":""666666"",""bgColorMatchGroup"":""F0F0F0"",""colorMatchListItem"":""000000"",""bgColorMatchListItem"":""FFFFFF"",""showKuerzelInSpiele"":false,""mannschaftsId"":""317459""} );     </script>     ";"    <div id=""widget_1733573703674""></div>     <script>         widget.mannschaftswidget('widget_1733573703674',             {""iframeWidth"":600,""iframeHeight"":700,""showRefreshButton"":false,""titleColor"":""FFFFFF"",""titleBgColor"":""00CC00"",""tapColor"":""FFFFFF"",""tapBgColor"":""333333"",""colorMatchGroup"":""666666"",""bgColorMatchGroup"":""F0F0F0"",""colorMatchListItem"":""000000"",""bgColorMatchListItem"":""FFFFFF"",""showKuerzelInSpiele"":false,""mannschaftsId"":""317459""} );     </script>     "
 DJK SB München 2;2; U14; weiblich;317505;1,73357E+12;"    <div id=""widget_1733573703861""></div>     <script>         widget.mannschaftswidget('widget_1733573703861',             {""iframeWidth"":1200,""iframeHeight"":600,""showRefreshButton"":false,""titleColor"":""FFFFFF"",""titleBgColor"":""00CC00"",""tapColor"":""FFFFFF"",""tapBgColor"":""333333"",""colorMatchGroup"":""666666"",""bgColorMatchGroup"":""F0F0F0"",""colorMatchListItem"":""000000"",""bgColorMatchListItem"":""FFFFFF"",""showKuerzelInSpiele"":false,""mannschaftsId"":""317505""} );     </script>     ";"    <div id=""widget_1733573703861""></div>     <script>         widget.mannschaftswidget('widget_1733573703861',             {""iframeWidth"":600,""iframeHeight"":700,""showRefreshButton"":false,""titleColor"":""FFFFFF"",""titleBgColor"":""00CC00"",""tapColor"":""FFFFFF"",""tapBgColor"":""333333"",""colorMatchGroup"":""666666"",""bgColorMatchGroup"":""F0F0F0"",""colorMatchListItem"":""000000"",""bgColorMatchListItem"":""FFFFFF"",""showKuerzelInSpiele"":false,""mannschaftsId"":""317505""} );     </script>     "
 DJK SB München;1; U12; männlich;162748;1,73357E+12;"    <div id=""widget_1733573704047""></div>     <script>         widget.mannschaftswidget('widget_1733573704047',             {""iframeWidth"":1200,""iframeHeight"":600,""showRefreshButton"":false,""titleColor"":""FFFFFF"",""titleBgColor"":""00CC00"",""tapColor"":""FFFFFF"",""tapBgColor"":""333333"",""colorMatchGroup"":""666666"",""bgColorMatchGroup"":""F0F0F0"",""colorMatchListItem"":""000000"",""bgColorMatchListItem"":""FFFFFF"",""showKuerzelInSpiele"":false,""mannschaftsId"":""162748""} );     </script>     ";"    <div id=""widget_1733573704047""></div>     <script>         widget.mannschaftswidget('widget_1733573704047',             {""iframeWidth"":600,""iframeHeight"":700,""showRefreshButton"":false,""titleColor"":""FFFFFF"",""titleBgColor"":""00CC00"",""tapColor"":""FFFFFF"",""tapBgColor"":""333333"",""colorMatchGroup"":""666666"",""bgColorMatchGroup"":""F0F0F0"",""colorMatchListItem"":""000000"",""bgColorMatchListItem"":""FFFFFF"",""showKuerzelInSpiele"":false,""mannschaftsId"":""162748""} );     </script>     "
 DJK SB München 2;2; U12; männlich;310490;1,73357E+12;"    <div id=""widget_1733573704230""></div>     <script>         widget.mannschaftswidget('widget_1733573704230',             {""iframeWidth"":1200,""iframeHeight"":600,""showRefreshButton"":false,""titleColor"":""FFFFFF"",""titleBgColor"":""00CC00"",""tapColor"":""FFFFFF"",""tapBgColor"":""333333"",""colorMatchGroup"":""666666"",""bgColorMatchGroup"":""F0F0F0"",""colorMatchListItem"":""000000"",""bgColorMatchListItem"":""FFFFFF"",""showKuerzelInSpiele"":false,""mannschaftsId"":""310490""} );     </script>     ";"    <div id=""widget_1733573704230""></div>     <script>         widget.mannschaftswidget('widget_1733573704230',             {""iframeWidth"":600,""iframeHeight"":700,""showRefreshButton"":false,""titleColor"":""FFFFFF"",""titleBgColor"":""00CC00"",""tapColor"":""FFFFFF"",""tapBgColor"":""333333"",""colorMatchGroup"":""666666"",""bgColorMatchGroup"":""F0F0F0"",""colorMatchListItem"":""000000"",""bgColorMatchListItem"":""FFFFFF"",""showKuerzelInSpiele"":false,""mannschaftsId"":""310490""} );     </script>     "
 DJK SB München;1; U12; weiblich;316293;1,73357E+12;"    <div id=""widget_1733573704425""></div>     <script>         widget.mannschaftswidget('widget_1733573704425',             {""iframeWidth"":1200,""iframeHeight"":600,""showRefreshButton"":false,""titleColor"":""FFFFFF"",""titleBgColor"":""00CC00"",""tapColor"":""FFFFFF"",""tapBgColor"":""333333"",""colorMatchGroup"":""666666"",""bgColorMatchGroup"":""F0F0F0"",""colorMatchListItem"":""000000"",""bgColorMatchListItem"":""FFFFFF"",""showKuerzelInSpiele"":false,""mannschaftsId"":""316293""} );     </script>     ";"    <div id=""widget_1733573704425""></div>     <script>         widget.mannschaftswidget('widget_1733573704425',             {""iframeWidth"":600,""iframeHeight"":700,""showRefreshButton"":false,""titleColor"":""FFFFFF"",""titleBgColor"":""00CC00"",""tapColor"":""FFFFFF"",""tapBgColor"":""333333"",""colorMatchGroup"":""666666"",""bgColorMatchGroup"":""F0F0F0"",""colorMatchListItem"":""000000"",""bgColorMatchListItem"":""FFFFFF"",""showKuerzelInSpiele"":false,""mannschaftsId"":""316293""} );     </script>     "
 DJK SB München;1; U10; männlich;310512;1,73357E+12;"    <div id=""widget_1733573704614""></div>     <script>         widget.mannschaftswidget('widget_1733573704614',             {""iframeWidth"":1200,""iframeHeight"":600,""showRefreshButton"":false,""titleColor"":""FFFFFF"",""titleBgColor"":""00CC00"",""tapColor"":""FFFFFF"",""tapBgColor"":""333333"",""colorMatchGroup"":""666666"",""bgColorMatchGroup"":""F0F0F0"",""colorMatchListItem"":""000000"",""bgColorMatchListItem"":""FFFFFF"",""showKuerzelInSpiele"":false,""mannschaftsId"":""310512""} );     </script>     ";"    <div id=""widget_1733573704614""></div>     <script>         widget.mannschaftswidget('widget_1733573704614',             {""iframeWidth"":600,""iframeHeight"":700,""showRefreshButton"":false,""titleColor"":""FFFFFF"",""titleBgColor"":""00CC00"",""tapColor"":""FFFFFF"",""tapBgColor"":""333333"",""colorMatchGroup"":""666666"",""bgColorMatchGroup"":""F0F0F0"",""colorMatchListItem"":""000000"",""bgColorMatchListItem"":""FFFFFF"",""showKuerzelInSpiele"":false,""mannschaftsId"":""310512""} );     </script>     "
 DJK SB München;2; U10; männlich;313178;1,73357E+12;"    <div id=""widget_1733573704799""></div>     <script>         widget.mannschaftswidget('widget_1733573704799',             {""iframeWidth"":1200,""iframeHeight"":600,""showRefreshButton"":false,""titleColor"":""FFFFFF"",""titleBgColor"":""00CC00"",""tapColor"":""FFFFFF"",""tapBgColor"":""333333"",""colorMatchGroup"":""666666"",""bgColorMatchGroup"":""F0F0F0"",""colorMatchListItem"":""000000"",""bgColorMatchListItem"":""FFFFFF"",""showKuerzelInSpiele"":false,""mannschaftsId"":""313178""} );     </script>     ";"    <div id=""widget_1733573704799""></div>     <script>         widget.mannschaftswidget('widget_1733573704799',             {""iframeWidth"":600,""iframeHeight"":700,""showRefreshButton"":false,""titleColor"":""FFFFFF"",""titleBgColor"":""00CC00"",""tapColor"":""FFFFFF"",""tapBgColor"":""333333"",""colorMatchGroup"":""666666"",""bgColorMatchGroup"":""F0F0F0"",""colorMatchListItem"":""000000"",""bgColorMatchListItem"":""FFFFFF"",""showKuerzelInSpiele"":false,""mannschaftsId"":""313178""} );     </script>     "
 DJK SB München;1; U10; weiblich;317910;1,73357E+12;"    <div id=""widget_1733573704997""></div>     <script>         widget.mannschaftswidget('widget_1733573704997',             {""iframeWidth"":1200,""iframeHeight"":600,""showRefreshButton"":false,""titleColor"":""FFFFFF"",""titleBgColor"":""00CC00"",""tapColor"":""FFFFFF"",""tapBgColor"":""333333"",""colorMatchGroup"":""666666"",""bgColorMatchGroup"":""F0F0F0"",""colorMatchListItem"":""000000"",""bgColorMatchListItem"":""FFFFFF"",""showKuerzelInSpiele"":false,""mannschaftsId"":""317910""} );     </script>     ";"    <div id=""widget_1733573704997""></div>     <script>         widget.mannschaftswidget('widget_1733573704997',             {""iframeWidth"":600,""iframeHeight"":700,""showRefreshButton"":false,""titleColor"":""FFFFFF"",""titleBgColor"":""00CC00"",""tapColor"":""FFFFFF"",""tapBgColor"":""333333"",""colorMatchGroup"":""666666"",""bgColorMatchGroup"":""F0F0F0"",""colorMatchListItem"":""000000"",""bgColorMatchListItem"":""FFFFFF"",""showKuerzelInSpiele"":false,""mannschaftsId"":""317910""} );     </script>     "
 DJK SB München;1; Ü40; männlich;165461;1,73357E+12;"    <div id=""widget_1733573705209""></div>     <script>         widget.mannschaftswidget('widget_1733573705209',             {""iframeWidth"":1200,""iframeHeight"":600,""showRefreshButton"":false,""titleColor"":""FFFFFF"",""titleBgColor"":""00CC00"",""tapColor"":""FFFFFF"",""tapBgColor"":""333333"",""colorMatchGroup"":""666666"",""bgColorMatchGroup"":""F0F0F0"",""colorMatchListItem"":""000000"",""bgColorMatchListItem"":""FFFFFF"",""showKuerzelInSpiele"":false,""mannschaftsId"":""165461""} );     </script>     ";"    <div id=""widget_1733573705209""></div>     <script>         widget.mannschaftswidget('widget_1733573705209',             {""iframeWidth"":600,""iframeHeight"":700,""showRefreshButton"":false,""titleColor"":""FFFFFF"",""titleBgColor"":""00CC00"",""tapColor"":""FFFFFF"",""tapBgColor"":""333333"",""colorMatchGroup"":""666666"",""bgColorMatchGroup"":""F0F0F0"",""colorMatchListItem"":""000000"",""bgColorMatchListItem"":""FFFFFF"",""showKuerzelInSpiele"":false,""mannschaftsId"":""165461""} );     </script>     "
 DJK SB München;1; Ü40; mix;223249;1,73357E+12;"    <div id=""widget_1733573705406""></div>     <script>         widget.mannschaftswidget('widget_1733573705406',             {""iframeWidth"":1200,""iframeHeight"":600,""showRefreshButton"":false,""titleColor"":""FFFFFF"",""titleBgColor"":""00CC00"",""tapColor"":""FFFFFF"",""tapBgColor"":""333333"",""colorMatchGroup"":""666666"",""bgColorMatchGroup"":""F0F0F0"",""colorMatchListItem"":""000000"",""bgColorMatchListItem"":""FFFFFF"",""showKuerzelInSpiele"":false,""mannschaftsId"":""223249""} );     </script>     ";"    <div id=""widget_1733573705406""></div>     <script>         widget.mannschaftswidget('widget_1733573705406',             {""iframeWidth"":600,""iframeHeight"":700,""showRefreshButton"":false,""titleColor"":""FFFFFF"",""titleBgColor"":""00CC00"",""tapColor"":""FFFFFF"",""tapBgColor"":""333333"",""colorMatchGroup"":""666666"",""bgColorMatchGroup"":""F0F0F0"",""colorMatchListItem"":""000000"",""bgColorMatchListItem"":""FFFFFF"",""showKuerzelInSpiele"":false,""mannschaftsId"":""223249""} );     </script>     "
 DJK SB München;1; Ü35; männlich;311561;1,73357E+12;"    <div id=""widget_1733573705600""></div>     <script>         widget.mannschaftswidget('widget_1733573705600',             {""iframeWidth"":1200,""iframeHeight"":600,""showRefreshButton"":false,""titleColor"":""FFFFFF"",""titleBgColor"":""00CC00"",""tapColor"":""FFFFFF"",""tapBgColor"":""333333"",""colorMatchGroup"":""666666"",""bgColorMatchGroup"":""F0F0F0"",""colorMatchListItem"":""000000"",""bgColorMatchListItem"":""FFFFFF"",""showKuerzelInSpiele"":false,""mannschaftsId"":""311561""} );     </script>     ";"    <div id=""widget_1733573705600""></div>     <script>         widget.mannschaftswidget('widget_1733573705600',             {""iframeWidth"":600,""iframeHeight"":700,""showRefreshButton"":false,""titleColor"":""FFFFFF"",""titleBgColor"":""00CC00"",""tapColor"":""FFFFFF"",""tapBgColor"":""333333"",""colorMatchGroup"":""666666"",""bgColorMatchGroup"":""F0F0F0"",""colorMatchListItem"":""000000"",""bgColorMatchListItem"":""FFFFFF"",""showKuerzelInSpiele"":false,""mannschaftsId"":""311561""} );     </script>     "
 DJK SB München;1; Senioren; weiblich;223146;1,73357E+12;"    <div id=""widget_1733573705815""></div>     <script>         widget.mannschaftswidget('widget_1733573705815',             {""iframeWidth"":1200,""iframeHeight"":600,""showRefreshButton"":false,""titleColor"":""FFFFFF"",""titleBgColor"":""00CC00"",""tapColor"":""FFFFFF"",""tapBgColor"":""333333"",""colorMatchGroup"":""666666"",""bgColorMatchGroup"":""F0F0F0"",""colorMatchListItem"":""000000"",""bgColorMatchListItem"":""FFFFFF"",""showKuerzelInSpiele"":false,""mannschaftsId"":""223146""} );     </script>     ";"    <div id=""widget_1733573705815""></div>     <script>         widget.mannschaftswidget('widget_1733573705815',             {""iframeWidth"":600,""iframeHeight"":700,""showRefreshButton"":false,""titleColor"":""FFFFFF"",""titleBgColor"":""00CC00"",""tapColor"":""FFFFFF"",""tapBgColor"":""333333"",""colorMatchGroup"":""666666"",""bgColorMatchGroup"":""F0F0F0"",""colorMatchListItem"":""000000"",""bgColorMatchListItem"":""FFFFFF"",""showKuerzelInSpiele"":false,""mannschaftsId"":""223146""} );     </script>     "
 DJK SB München;1; U20; männlich;223247;1,73357E+12;"    <div id=""widget_1733573706050""></div>     <script>         widget.mannschaftswidget('widget_1733573706050',             {""iframeWidth"":1200,""iframeHeight"":600,""showRefreshButton"":false,""titleColor"":""FFFFFF"",""titleBgColor"":""00CC00"",""tapColor"":""FFFFFF"",""tapBgColor"":""333333"",""colorMatchGroup"":""666666"",""bgColorMatchGroup"":""F0F0F0"",""colorMatchListItem"":""000000"",""bgColorMatchListItem"":""FFFFFF"",""showKuerzelInSpiele"":false,""mannschaftsId"":""223247""} );     </script>     ";"    <div id=""widget_1733573706050""></div>     <script>         widget.mannschaftswidget('widget_1733573706050',             {""iframeWidth"":600,""iframeHeight"":700,""showRefreshButton"":false,""titleColor"":""FFFFFF"",""titleBgColor"":""00CC00"",""tapColor"":""FFFFFF"",""tapBgColor"":""333333"",""colorMatchGroup"":""666666"",""bgColorMatchGroup"":""F0F0F0"",""colorMatchListItem"":""000000"",""bgColorMatchListItem"":""FFFFFF"",""showKuerzelInSpiele"":false,""mannschaftsId"":""223247""} );     </script>     "
 DJK SB München;1; U18; weiblich;223246;1,73357E+12;"    <div id=""widget_1733573706258""></div>     <script>         widget.mannschaftswidget('widget_1733573706258',             {""iframeWidth"":1200,""iframeHeight"":600,""showRefreshButton"":false,""titleColor"":""FFFFFF"",""titleBgColor"":""00CC00"",""tapColor"":""FFFFFF"",""tapBgColor"":""333333"",""colorMatchGroup"":""666666"",""bgColorMatchGroup"":""F0F0F0"",""colorMatchListItem"":""000000"",""bgColorMatchListItem"":""FFFFFF"",""showKuerzelInSpiele"":false,""mannschaftsId"":""223246""} );     </script>     ";"    <div id=""widget_1733573706258""></div>     <script>         widget.mannschaftswidget('widget_1733573706258',             {""iframeWidth"":600,""iframeHeight"":700,""showRefreshButton"":false,""titleColor"":""FFFFFF"",""titleBgColor"":""00CC00"",""tapColor"":""FFFFFF"",""tapBgColor"":""333333"",""colorMatchGroup"":""666666"",""bgColorMatchGroup"":""F0F0F0"",""colorMatchListItem"":""000000"",""bgColorMatchListItem"":""FFFFFF"",""showKuerzelInSpiele"":false,""mannschaftsId"":""223246""} );     </script>     "
 DJK SB München 2 u18BZLQuali;1; U17; männlich;312003;1,73357E+12;"    <div id=""widget_1733573706447""></div>     <script>         widget.mannschaftswidget('widget_1733573706447',             {""iframeWidth"":1200,""iframeHeight"":600,""showRefreshButton"":false,""titleColor"":""FFFFFF"",""titleBgColor"":""00CC00"",""tapColor"":""FFFFFF"",""tapBgColor"":""333333"",""colorMatchGroup"":""666666"",""bgColorMatchGroup"":""F0F0F0"",""colorMatchListItem"":""000000"",""bgColorMatchListItem"":""FFFFFF"",""showKuerzelInSpiele"":false,""mannschaftsId"":""312003""} );     </script>     ";"    <div id=""widget_1733573706447""></div>     <script>         widget.mannschaftswidget('widget_1733573706447',             {""iframeWidth"":600,""iframeHeight"":700,""showRefreshButton"":false,""titleColor"":""FFFFFF"",""titleBgColor"":""00CC00"",""tapColor"":""FFFFFF"",""tapBgColor"":""333333"",""colorMatchGroup"":""666666"",""bgColorMatchGroup"":""F0F0F0"",""colorMatchListItem"":""000000"",""bgColorMatchListItem"":""FFFFFF"",""showKuerzelInSpiele"":false,""mannschaftsId"":""312003""} );     </script>     "
 DJK SB München;1; U16; mix;223221;1,73357E+12;"    <div id=""widget_1733573706631""></div>     <script>         widget.mannschaftswidget('widget_1733573706631',             {""iframeWidth"":1200,""iframeHeight"":600,""showRefreshButton"":false,""titleColor"":""FFFFFF"",""titleBgColor"":""00CC00"",""tapColor"":""FFFFFF"",""tapBgColor"":""333333"",""colorMatchGroup"":""666666"",""bgColorMatchGroup"":""F0F0F0"",""colorMatchListItem"":""000000"",""bgColorMatchListItem"":""FFFFFF"",""showKuerzelInSpiele"":false,""mannschaftsId"":""223221""} );     </script>     ";"    <div id=""widget_1733573706631""></div>     <script>         widget.mannschaftswidget('widget_1733573706631',             {""iframeWidth"":600,""iframeHeight"":700,""showRefreshButton"":false,""titleColor"":""FFFFFF"",""titleBgColor"":""00CC00"",""tapColor"":""FFFFFF"",""tapBgColor"":""333333"",""colorMatchGroup"":""666666"",""bgColorMatchGroup"":""F0F0F0"",""colorMatchListItem"":""000000"",""bgColorMatchListItem"":""FFFFFF"",""showKuerzelInSpiele"":false,""mannschaftsId"":""223221""} );     </script>     "
 DJK SB München;1; U15; männlich;310694;1,73357E+12;"    <div id=""widget_1733573706838""></div>     <script>         widget.mannschaftswidget('widget_1733573706838',             {""iframeWidth"":1200,""iframeHeight"":600,""showRefreshButton"":false,""titleColor"":""FFFFFF"",""titleBgColor"":""00CC00"",""tapColor"":""FFFFFF"",""tapBgColor"":""333333"",""colorMatchGroup"":""666666"",""bgColorMatchGroup"":""F0F0F0"",""colorMatchListItem"":""000000"",""bgColorMatchListItem"":""FFFFFF"",""showKuerzelInSpiele"":false,""mannschaftsId"":""310694""} );     </script>     ";"    <div id=""widget_1733573706838""></div>     <script>         widget.mannschaftswidget('widget_1733573706838',             {""iframeWidth"":600,""iframeHeight"":700,""showRefreshButton"":false,""titleColor"":""FFFFFF"",""titleBgColor"":""00CC00"",""tapColor"":""FFFFFF"",""tapBgColor"":""333333"",""colorMatchGroup"":""666666"",""bgColorMatchGroup"":""F0F0F0"",""colorMatchListItem"":""000000"",""bgColorMatchListItem"":""FFFFFF"",""showKuerzelInSpiele"":false,""mannschaftsId"":""310694""} );     </script>     "
 DJK SB München 2 -Quali BOL16;2; U15; männlich;317441;1,73357E+12;"    <div id=""widget_1733573707077""></div>     <script>         widget.mannschaftswidget('widget_1733573707077',             {""iframeWidth"":1200,""iframeHeight"":600,""showRefreshButton"":false,""titleColor"":""FFFFFF"",""titleBgColor"":""00CC00"",""tapColor"":""FFFFFF"",""tapBgColor"":""333333"",""colorMatchGroup"":""666666"",""bgColorMatchGroup"":""F0F0F0"",""colorMatchListItem"":""000000"",""bgColorMatchListItem"":""FFFFFF"",""showKuerzelInSpiele"":false,""mannschaftsId"":""317441""} );     </script>     ";"    <div id=""widget_1733573707077""></div>     <script>         widget.mannschaftswidget('widget_1733573707077',             {""iframeWidth"":600,""iframeHeight"":700,""showRefreshButton"":false,""titleColor"":""FFFFFF"",""titleBgColor"":""00CC00"",""tapColor"":""FFFFFF"",""tapBgColor"":""333333"",""colorMatchGroup"":""666666"",""bgColorMatchGroup"":""F0F0F0"",""colorMatchListItem"":""000000"",""bgColorMatchListItem"":""FFFFFF"",""showKuerzelInSpiele"":false,""mannschaftsId"":""317441""} );     </script>     "
 DJK SB München;2; U14; mix;223269;1,73357E+12;"    <div id=""widget_1733573707272""></div>     <script>         widget.mannschaftswidget('widget_1733573707272',             {""iframeWidth"":1200,""iframeHeight"":600,""showRefreshButton"":false,""titleColor"":""FFFFFF"",""titleBgColor"":""00CC00"",""tapColor"":""FFFFFF"",""tapBgColor"":""333333"",""colorMatchGroup"":""666666"",""bgColorMatchGroup"":""F0F0F0"",""colorMatchListItem"":""000000"",""bgColorMatchListItem"":""FFFFFF"",""showKuerzelInSpiele"":false,""mannschaftsId"":""223269""} );     </script>     ";"    <div id=""widget_1733573707272""></div>     <script>         widget.mannschaftswidget('widget_1733573707272',             {""iframeWidth"":600,""iframeHeight"":700,""showRefreshButton"":false,""titleColor"":""FFFFFF"",""titleBgColor"":""00CC00"",""tapColor"":""FFFFFF"",""tapBgColor"":""333333"",""colorMatchGroup"":""666666"",""bgColorMatchGroup"":""F0F0F0"",""colorMatchListItem"":""000000"",""bgColorMatchListItem"":""FFFFFF"",""showKuerzelInSpiele"":false,""mannschaftsId"":""223269""} );     </script>     "
 DJK SB München;1; U13; männlich;311924;1,73357E+12;"    <div id=""widget_1733573707460""></div>     <script>         widget.mannschaftswidget('widget_1733573707460',             {""iframeWidth"":1200,""iframeHeight"":600,""showRefreshButton"":false,""titleColor"":""FFFFFF"",""titleBgColor"":""00CC00"",""tapColor"":""FFFFFF"",""tapBgColor"":""333333"",""colorMatchGroup"":""666666"",""bgColorMatchGroup"":""F0F0F0"",""colorMatchListItem"":""000000"",""bgColorMatchListItem"":""FFFFFF"",""showKuerzelInSpiele"":false,""mannschaftsId"":""311924""} );     </script>     ";"    <div id=""widget_1733573707460""></div>     <script>         widget.mannschaftswidget('widget_1733573707460',             {""iframeWidth"":600,""iframeHeight"":700,""showRefreshButton"":false,""titleColor"":""FFFFFF"",""titleBgColor"":""00CC00"",""tapColor"":""FFFFFF"",""tapBgColor"":""333333"",""colorMatchGroup"":""666666"",""bgColorMatchGroup"":""F0F0F0"",""colorMatchListItem"":""000000"",""bgColorMatchListItem"":""FFFFFF"",""showKuerzelInSpiele"":false,""mannschaftsId"":""311924""} );     </script>     "
 DJK SB München;1; U12; mix;223172;1,73357E+12;"    <div id=""widget_1733573707667""></div>     <script>         widget.mannschaftswidget('widget_1733573707667',             {""iframeWidth"":1200,""iframeHeight"":600,""showRefreshButton"":false,""titleColor"":""FFFFFF"",""titleBgColor"":""00CC00"",""tapColor"":""FFFFFF"",""tapBgColor"":""333333"",""colorMatchGroup"":""666666"",""bgColorMatchGroup"":""F0F0F0"",""colorMatchListItem"":""000000"",""bgColorMatchListItem"":""FFFFFF"",""showKuerzelInSpiele"":false,""mannschaftsId"":""223172""} );     </script>     ";"    <div id=""widget_1733573707667""></div>     <script>         widget.mannschaftswidget('widget_1733573707667',             {""iframeWidth"":600,""iframeHeight"":700,""showRefreshButton"":false,""titleColor"":""FFFFFF"",""titleBgColor"":""00CC00"",""tapColor"":""FFFFFF"",""tapBgColor"":""333333"",""colorMatchGroup"":""666666"",""bgColorMatchGroup"":""F0F0F0"",""colorMatchListItem"":""000000"",""bgColorMatchListItem"":""FFFFFF"",""showKuerzelInSpiele"":false,""mannschaftsId"":""223172""} );     </script>     "
 DJK SB München 2;2; U12; mix;223264;1,73357E+12;"    <div id=""widget_1733573707904""></div>     <script>         widget.mannschaftswidget('widget_1733573707904',             {""iframeWidth"":1200,""iframeHeight"":600,""showRefreshButton"":false,""titleColor"":""FFFFFF"",""titleBgColor"":""00CC00"",""tapColor"":""FFFFFF"",""tapBgColor"":""333333"",""colorMatchGroup"":""666666"",""bgColorMatchGroup"":""F0F0F0"",""colorMatchListItem"":""000000"",""bgColorMatchListItem"":""FFFFFF"",""showKuerzelInSpiele"":false,""mannschaftsId"":""223264""} );     </script>     ";"    <div id=""widget_1733573707904""></div>     <script>         widget.mannschaftswidget('widget_1733573707904',             {""iframeWidth"":600,""iframeHeight"":700,""showRefreshButton"":false,""titleColor"":""FFFFFF"",""titleBgColor"":""00CC00"",""tapColor"":""FFFFFF"",""tapBgColor"":""333333"",""colorMatchGroup"":""666666"",""bgColorMatchGroup"":""F0F0F0"",""colorMatchListItem"":""000000"",""bgColorMatchListItem"":""FFFFFF"",""showKuerzelInSpiele"":false,""mannschaftsId"":""223264""} );     </script>     "
 DJK SB München 2 u12BZLQuali;1; U11; männlich;311982;1,73357E+12;"    <div id=""widget_1733573708108""></div>     <script>         widget.mannschaftswidget('widget_1733573708108',             {""iframeWidth"":1200,""iframeHeight"":600,""showRefreshButton"":false,""titleColor"":""FFFFFF"",""titleBgColor"":""00CC00"",""tapColor"":""FFFFFF"",""tapBgColor"":""333333"",""colorMatchGroup"":""666666"",""bgColorMatchGroup"":""F0F0F0"",""colorMatchListItem"":""000000"",""bgColorMatchListItem"":""FFFFFF"",""showKuerzelInSpiele"":false,""mannschaftsId"":""311982""} );     </script>     ";"    <div id=""widget_1733573708108""></div>     <script>         widget.mannschaftswidget('widget_1733573708108',             {""iframeWidth"":600,""iframeHeight"":700,""showRefreshButton"":false,""titleColor"":""FFFFFF"",""titleBgColor"":""00CC00"",""tapColor"":""FFFFFF"",""tapBgColor"":""333333"",""colorMatchGroup"":""666666"",""bgColorMatchGroup"":""F0F0F0"",""colorMatchListItem"":""000000"",""bgColorMatchListItem"":""FFFFFF"",""showKuerzelInSpiele"":false,""mannschaftsId"":""311982""} );     </script>     "
 DJK SB München;1; U10; mix;165490;1,73357E+12;"    <div id=""widget_1733573708301""></div>     <script>         widget.mannschaftswidget('widget_1733573708301',             {""iframeWidth"":1200,""iframeHeight"":600,""showRefreshButton"":false,""titleColor"":""FFFFFF"",""titleBgColor"":""00CC00"",""tapColor"":""FFFFFF"",""tapBgColor"":""333333"",""colorMatchGroup"":""666666"",""bgColorMatchGroup"":""F0F0F0"",""colorMatchListItem"":""000000"",""bgColorMatchListItem"":""FFFFFF"",""showKuerzelInSpiele"":false,""mannschaftsId"":""165490""} );     </script>     ";"    <div id=""widget_1733573708301""></div>     <script>         widget.mannschaftswidget('widget_1733573708301',             {""iframeWidth"":600,""iframeHeight"":700,""showRefreshButton"":false,""titleColor"":""FFFFFF"",""titleBgColor"":""00CC00"",""tapColor"":""FFFFFF"",""tapBgColor"":""333333"",""colorMatchGroup"":""666666"",""bgColorMatchGroup"":""F0F0F0"",""colorMatchListItem"":""000000"",""bgColorMatchListItem"":""FFFFFF"",""showKuerzelInSpiele"":false,""mannschaftsId"":""165490""} );     </script>     "
 DJK SB München;1; U8; männlich;310167;1,73357E+12;"    <div id=""widget_1733573708488""></div>     <script>         widget.mannschaftswidget('widget_1733573708488',             {""iframeWidth"":1200,""iframeHeight"":600,""showRefreshButton"":false,""titleColor"":""FFFFFF"",""titleBgColor"":""00CC00"",""tapColor"":""FFFFFF"",""tapBgColor"":""333333"",""colorMatchGroup"":""666666"",""bgColorMatchGroup"":""F0F0F0"",""colorMatchListItem"":""000000"",""bgColorMatchListItem"":""FFFFFF"",""showKuerzelInSpiele"":false,""mannschaftsId"":""310167""} );     </script>     ";"    <div id=""widget_1733573708488""></div>     <script>         widget.mannschaftswidget('widget_1733573708488',             {""iframeWidth"":600,""iframeHeight"":700,""showRefreshButton"":false,""titleColor"":""FFFFFF"",""titleBgColor"":""00CC00"",""tapColor"":""FFFFFF"",""tapBgColor"":""333333"",""colorMatchGroup"":""666666"",""bgColorMatchGroup"":""F0F0F0"",""colorMatchListItem"":""000000"",""bgColorMatchListItem"":""FFFFFF"",""showKuerzelInSpiele"":false,""mannschaftsId"":""310167""} );     </script>     "
 DJK SB München;1; U8; mix;165491;1,73357E+12;"    <div id=""widget_1733573708690""></div>     <script>         widget.mannschaftswidget('widget_1733573708690',             {""iframeWidth"":1200,""iframeHeight"":600,""showRefreshButton"":false,""titleColor"":""FFFFFF"",""titleBgColor"":""00CC00"",""tapColor"":""FFFFFF"",""tapBgColor"":""333333"",""colorMatchGroup"":""666666"",""bgColorMatchGroup"":""F0F0F0"",""colorMatchListItem"":""000000"",""bgColorMatchListItem"":""FFFFFF"",""showKuerzelInSpiele"":false,""mannschaftsId"":""165491""} );     </script>";"    <div id=""widget_1733573708690""></div>     <script>         widget.mannschaftswidget('widget_1733573708690',             {""iframeWidth"":600,""iframeHeight"":700,""showRefreshButton"":false,""titleColor"":""FFFFFF"",""titleBgColor"":""00CC00"",""tapColor"":""FFFFFF"",""tapBgColor"":""333333"",""colorMatchGroup"":""666666"",""bgColorMatchGroup"":""F0F0F0"",""colorMatchListItem"":""000000"",""bgColorMatchListItem"":""FFFFFF"",""showKuerzelInSpiele"":false,""mannschaftsId"":""165491""} );     </script>"
